{
  "name": "Test 1",
  "width": 10,
  "height": 8,
  "values": [4.89660102624323, 44.28666475726375, 63.19205593664028, 25.600654682048397, 12.396597859405256, 47.74217773481377, 82.1282233918879, 20.461709629717117, 43.14007201145414, 92.09111564877499, 66.10474793901118, 5.981854240753348, 62.36444980847118, 26.484129728400106, 28.585238255340673, 18.168713356537314, 58.29298433750647, 36.72646161808159, 39.21966177175944, 2.5239257181935315, 25.68948435710354, 5.746177258012164, 83.17560682114357, 92.41140143912419, 81.95913926172874, 17.95672256157632, 54.73222062966203, 34.14726213372885, 37.66069091485904, 4.9971489135753, 9.629874863571587, 26.11616061595896, 52.39279104216252, 4.409036771310193, 87.94817236709085, 86.90800909249256, 40.131680383106236, 34.757243107452055, 68.34846216933484, 9.115225836083486, 96.2948762888116, 14.785000870870913, 82.90458952078782, 94.3546533775768, 36.070853187885696, 48.61360572542684, 48.80266621681662, 95.97637602986042, 88.09463273968636, 46.16549471860469, 98.85130425205733, 95.07729375139553, 60.12494077469199, 96.41099703758123, 93.03262834682238, 18.029942680392775, 11.578224489176737, 66.54777051141645, 66.24579571250378, 77.35832658434794, 66.48245778316362, 89.47373075457898, 47.62754695573741, 6.491000041761219, 6.9108065570427035, 28.117695769441255, 90.3767310590909, 57.09679362132212, 8.449761608454299, 81.09668828848551, 70.18367543675741, 72.39998306179697, 19.07599243099758, 11.172563819832316, 62.83339916658433, 3.210529148078445, 74.17682507195889, 83.82816776965089, 59.02166349796729, 81.46110256415608]
}